"","Rank","Tier","Player","Pos","Team","Bye","ADP","Floor","Consensus","FP","Ceiling","MVP"
"Injured","1","1","Christian McCaffrey","RB","SF","9","1.01","221.1","315.6","298.8","367.5","100.0"
"","2","1","CeeDee Lamb","WR","DAL","7","1.03","230.8","269.2","303.7","337.1","98.1"
"Injured","3","1","Tyreek Hill","WR","MIA","6","1.02","228.3","268.1","278.4","342.5","91.8"
"","4","2","Breece Hall","RB","NYJ","12","1.06","212.5","270.0","265.6","332.0","81.7"
"","5","2","Bijan Robinson","RB","ATL","12","1.04","205.1","257.5","269.9","323.9","80.0"
"","6","2","Justin Jefferson","WR","MIN","6","1.05","220.2","237.8","256.0","320.0","79.4"
"","7","2","Ja'Marr Chase","WR","CIN","12","1.07","223.6","235.7","254.1","320.2","79.1"
"","8","2","Amon-Ra St. Brown","WR","DET","5","1.08","213.6","242.1","254.3","292.5","75.1"
"","9","3","Jonathan Taylor","RB","IND","14","1.10","211.3","241.2","234.8","324.0","69.8"
"Injured","10","3","Jahmyr Gibbs","RB","DET","5","1.12","198.0","216.3","241.5","299.5","64.9"
"","11","3","Saquon Barkley","RB","PHI","5","1.11","196.7","232.0","231.4","303.1","64.0"
"","12","3","A.J. Brown","WR","PHI","5","1.09","197.2","233.2","221.5","274.7","61.8"
"","13","3","Garrett Wilson","WR","NYJ","12","2.01","191.6","204.6","230.9","277.0","61.6"
"Injured","14","3","Puka Nacua","WR","LAR","6","2.03","188.4","218.3","224.3","278.1","60.9"
"","15","4","Derrick Henry","RB","BAL","14","2.05","192.8","222.3","221.6","285.8","57.9"
"","16","4","Kyren Williams","RB","LAR","6","2.06","185.3","236.0","205.9","312.9","57.9"
"Value","17","5","De'Von Achane","RB","MIA","6","2.12","189.5","219.4","212.9","306.6","57.8"
"","18","5","Travis Etienne","RB","JAC","12","2.04","190.9","212.3","222.0","266.4","54.4"
"Value","19","4","Drake London","WR","ATL","12","2.08","179.9","203.4","206.8","260.6","53.7"
"Value","20","5","Isiah Pacheco","RB","KC","6","2.10","185.7","225.6","208.6","279.6","53.3"
"","21","4","Deebo Samuel","WR","SF","9","3.03","183.4","209.7","203.8","273.0","53.0"
"","22","4","Marvin Harrison Jr.","WR","ARI","11","2.02","162.1","208.0","200.1","264.1","51.6"
"Value","23","1","Jalen Hurts","QB","PHI","5","3.08","321.4","362.4","361.2","408.1","50.9"
"","24","4","Chris Olave","WR","NO","12","3.02","180.6","207.3","205.2","244.2","49.7"
"","25","5","Josh Jacobs","RB","GB","10","2.11","177.0","217.3","203.5","268.6","49.0"
"","26","4","Nico Collins","WR","HOU","14","3.07","176.4","205.8","200.5","266.6","48.3"
"","27","1","Josh Allen","QB","BUF","12","2.09","321.2","353.4","349.2","405.0","48.3"
"","28","4","Mike Evans","WR","TB","11","3.04","171.9","211.7","199.9","245.9","47.3"
"Value","29","4","Cooper Kupp","WR","LAR","6","3.10","168.9","191.8","206.0","261.6","46.0"
"Value","30","4","Jaylen Waddle","WR","MIA","6","4.01","181.8","188.0","206.5","266.4","45.6"
"","31","5","Brandon Aiyuk","WR","SF","9","3.09","176.3","207.1","183.6","258.9","44.9"
"","32","1","Travis Kelce","TE","KC","6","3.01","159.5","170.8","189.9","227.9","44.7"
"Bust","33","5","Davante Adams","WR","LVR","10","2.07","169.4","196.6","197.0","246.3","43.8"
"Value","34","5","Malik Nabers","WR","NYG","11","4.10","164.4","178.4","198.0","261.4","43.4"
"","35","5","Kenneth Walker III","RB","SEA","10","4.08","184.1","196.0","206.8","262.6","43.0"
"Injured","36","5","Joe Mixon","RB","HOU","14","4.07","173.2","195.5","211.3","259.9","42.9"
"Value","37","5","D.J. Moore","WR","CHI","7","4.04","170.4","178.8","202.8","241.3","41.3"
"Injured","38","1","Sam LaPorta","TE","DET","5","3.05","153.0","187.0","171.9","226.9","41.1"
"","39","5","DeVonta Smith","WR","PHI","5","4.11","178.8","202.1","188.2","244.7","40.9"
"","40","5","James Cook","RB","BUF","12","4.02","174.4","199.2","205.2","244.2","40.8"
"Value","41","5","Tee Higgins","WR","CIN","12","5.10","160.9","187.3","196.2","243.3","40.3"
"","42","5","D.K. Metcalf","WR","SEA","10","4.03","169.4","194.0","194.7","235.6","40.2"
"","43","6","Rachaad White","RB","TB","11","3.11","170.4","205.7","193.7","251.8","40.2"
"","44","6","Rashee Rice","WR","KC","6","7.02","140.1","165.8","200.2","258.3","39.8"
"","45","6","Stefon Diggs","WR","HOU","14","4.06","168.1","177.6","191.0","246.4","39.5"
"Value","46","1","Mark Andrews","TE","BAL","14","5.02","157.4","173.4","174.9","227.4","39.1"
"","47","6","Michael Pittman Jr.","WR","IND","14","4.05","174.5","188.1","185.7","222.8","37.5"
"","48","2","Patrick Mahomes","QB","KC","6","3.06","310.6","326.9","341.3","389.1","37.3"
"Value","49","6","James Conner","RB","ARI","11","5.07","161.6","183.1","192.4","246.3","37.0"
"","50","6","Nathaniel 'Tank' Dell","WR","HOU","14","6.01","158.1","182.2","179.6","244.3","37.0"
"Value","51","2","Trey McBride","TE","ARI","11","5.01","145.7","161.4","163.7","219.3","36.3"
"","52","6","David Montgomery","RB","DET","5","5.11","173.4","187.6","188.5","233.7","36.2"
"","53","3","Lamar Jackson","QB","BAL","14","3.12","312.0","342.5","325.0","406.2","36.1"
"Value","54","7","Raheem Mostert","RB","MIA","6","7.01","164.9","174.1","181.2","255.5","35.6"
"","55","6","Terry McLaurin","WR","WAS","14","6.08","170.5","174.6","183.4","225.6","35.2"
"Injured","56","7","Alvin Kamara","RB","NO","12","4.09","155.8","196.4","185.4","231.8","35.0"
"","57","7","Rhamondre Stevenson","RB","NE","14","6.03","166.7","174.4","191.7","222.3","34.6"
"","58","6","Amari Cooper","WR","CLE","10","5.06","160.1","198.6","168.5","224.1","34.4"
"","59","7","Aaron Jones","RB","MIN","6","5.03","160.6","184.4","180.4","232.8","33.8"
"","60","2","Dalton Kincaid","TE","BUF","12","5.04","135.5","157.3","153.9","209.3","33.8"
"","61","6","George Pickens","WR","PIT","9","5.12","154.7","181.2","168.2","225.4","33.0"
"Value","62","6","Chris Godwin","WR","TB","11","7.05","160.0","173.3","175.8","211.0","33.0"
"","63","7","D'Andre Swift","RB","CHI","7","6.02","160.0","172.2","183.9","222.5","32.8"
"Value","64","6","Calvin Ridley","WR","TEN","5","7.06","155.2","166.2","172.4","220.7","32.5"
"Value","65","7","Javonte Williams","RB","DEN","14","7.12","145.2","171.4","181.5","228.7","32.0"
"","66","6","Xavier Worthy","WR","KC","6","7.10","137.0","143.1","171.3","227.8","31.8"
"","67","6","Christian Kirk","WR","JAC","12","6.09","164.0","175.3","174.5","207.7","31.8"
"","68","7","Najee Harris","RB","PIT","9","6.06","161.3","176.7","175.3","224.4","31.8"
"","69","6","Jayden Reed","WR","GB","10","7.08","151.0","164.6","173.5","215.2","31.8"
"Injured","70","6","DeAndre Hopkins","WR","TEN","5","9.05","150.7","162.8","177.3","221.7","31.6"
"","71","3","George Kittle","TE","SF","9","5.08","127.5","163.7","150.0","199.5","31.5"
"Value","72","7","Tony Pollard","RB","TEN","5","7.03","153.5","160.0","180.6","225.8","31.4"
"Value","73","6","Diontae Johnson","WR","CAR","11","8.04","155.6","161.2","169.2","216.5","31.1"
"","74","6","Zay Flowers","WR","BAL","14","5.09","155.9","178.3","164.1","210.1","30.6"
"","75","3","Kyle Pitts","TE","ATL","12","6.04","120.5","155.5","145.2","206.2","29.9"
"","76","3","Anthony Richardson","QB","IND","14","5.05","266.7","328.9","317.5","390.5","29.4"
"Sleeper","77","6","Christian Watson","WR","GB","10","9.04","137.8","152.9","164.0","226.4","29.3"
"","78","6","Keenan Allen","WR","CHI","7","6.11","145.8","170.7","156.7","219.4","28.9"
"","79","7","Rome Odunze","WR","CHI","7","7.11","134.5","153.1","152.8","227.7","28.9"
"Value","80","3","Evan Engram","TE","JAC","12","6.10","133.9","146.8","148.8","181.5","28.2"
"","81","3","C.J. Stroud","QB","HOU","14","4.12","291.2","318.0","323.5","378.5","28.1"
"Value","82","7","Courtland Sutton","WR","DEN","14","10.05","144.0","165.5","160.0","208.0","27.9"
"","83","7","Zamir White","RB","LVR","10","6.12","133.1","168.8","170.6","213.3","27.9"
"Sleeper","84","7","Jaxon Smith-Njigba","WR","SEA","10","9.06","135.2","153.5","157.3","212.3","27.9"
"Injured","85","7","Marquise Brown","WR","KC","6","9.01","138.7","145.7","154.1","218.9","27.8"
"","86","3","David Njoku","TE","CLE","10","8.02","122.0","143.1","148.8","181.5","27.0"
"Value","87","7","Jaylen Warren","RB","PIT","9","8.08","141.7","153.3","168.6","209.1","26.8"
"Value","88","3","Jake Ferguson","TE","DAL","7","7.09","123.3","143.4","150.3","175.9","26.8"
"","89","3","Joe Burrow","QB","CIN","12","6.05","285.9","320.8","317.7","378.0","26.2"
"Value","90","7","Tyler Lockett","WR","SEA","10","11.11","137.8","144.6","162.1","194.6","25.2"
"","91","8","Brian Robinson Jr.","RB","WAS","14","8.10","139.2","155.2","161.9","207.2","24.2"
"","92","3","Dak Prescott","QB","DAL","7","7.04","291.8","299.6","313.7","376.5","23.6"
"","93","4","Brock Bowers","TE","LVR","10","8.05","108.5","125.9","132.3","189.2","23.3"
"","94","7","Brian Thomas Jr.","WR","JAC","12","10.02","123.9","150.1","145.8","211.4","23.1"
"Injured","95","8","Jonathon Brooks","RB","CAR","11","8.07","109.8","150.8","152.5","205.8","23.0"
"Sleeper","96","7","Jameson Williams","WR","DET","5","10.08","119.9","140.5","139.4","211.8","22.8"
"","97","7","Keon Coleman","WR","BUF","12","9.11","119.4","142.6","140.4","207.8","22.6"
"Sleeper","98","8","Tyjae Spears","RB","TEN","5","9.07","132.2","149.3","143.7","218.4","22.5"
"","99","8","Devin Singletary","RB","NYG","11","8.06","135.6","160.8","154.1","200.3","22.4"
"Sleeper","100","8","Chase Brown","RB","CIN","12","10.04","128.3","139.0","149.2","214.8","22.3"
"Injured","101","7","Jordan Addison","WR","MIN","6","8.12","117.6","158.3","145.2","201.8","22.1"
"","102","8","Zack Moss","RB","CIN","12","8.01","132.7","164.9","141.2","207.5","22.0"
"Value","103","4","Dallas Goedert","TE","PHI","5","10.01","120.6","141.2","134.0","171.5","22.0"
"","104","7","Ladd McConkey","WR","LAC","5","9.02","121.4","144.9","141.2","199.1","20.4"
"","105","7","Jerry Jeudy","WR","CLE","10","13.06","125.2","141.0","143.9","192.8","20.4"
"Injured","106","7","Mike Williams","WR","NYJ","12","13.11","110.0","147.3","142.8","198.5","20.1"
"Injured","107","7","Curtis Samuel","WR","BUF","12","11.01","118.7","141.6","144.8","192.5","20.1"
"Value","108","7","Jakobi Meyers","WR","LVR","10","12.11","133.9","136.7","148.8","189.0","20.0"
"Value","109","7","Gabriel 'Gabe' Davis","WR","JAC","12","14.06","125.9","131.8","143.0","195.9","19.9"
"Breakout","110","3","Jayden Daniels","QB","WAS","14","9.08","259.5","296.2","305.3","387.7","19.8"
"","111","4","Kyler Murray","QB","ARI","11","6.07","280.2","311.7","295.0","380.5","19.3"
"","112","4","Jordan Love","QB","GB","10","7.07","282.1","300.3","300.1","372.1","18.7"
"Sleeper","113","7","Rashid Shaheed","WR","NO","12","13.12","126.7","130.2","139.2","190.7","18.6"
"Sleeper","114","8","Austin Ekeler","RB","WAS","14","8.09","116.7","145.7","144.0","181.5","18.2"
"","115","9","Jerome Ford","RB","CLE","10","10.07","116.1","134.9","135.0","197.2","17.4"
"Value","116","7","Brandin Cooks","WR","DAL","7","14.03","114.1","134.8","139.2","181.0","17.1"
"Sleeper","117","8","Dontayvion Wicks","WR","GB","10","14.07","105.8","113.7","121.6","204.3","16.0"
"Injured","118","9","Nick Chubb","RB","CLE","10","8.03","69.9","169.3","139.9","177.6","15.8"
"","119","11","Romeo Doubs","WR","GB","10","11.05","112.3","137.1","130.6","182.9","15.6"
"Handcuff Flyer","120","9","Blake Corum","RB","LAR","6","10.09","106.0","113.5","120.5","219.3","14.9"
"","121","9","Ezekiel Elliott","RB","DAL","7","9.12","94.3","144.3","134.7","188.6","14.4"
"","122","5","Caleb Williams","QB","CHI","7","9.03","262.3","289.6","285.1","367.8","14.2"
"","123","11","Joshua 'Josh' Palmer","WR","LAC","5","12.08","109.8","144.1","120.7","184.6","14.1"
"","124","11","Khalil Shakir","WR","BUF","12","11.02","103.6","133.3","120.4","195.1","13.9"
"Sleeper","125","9","Ty Chandler","RB","MIN","6","13.07","108.3","112.2","124.5","195.5","13.6"
"","126","9","Gus Edwards","RB","LAC","5","9.10","101.3","142.1","111.4","202.7","13.3"
"Value","127","11","Ja'Lynn Polk","WR","NE","14","15.04","104.6","112.6","123.0","194.4","13.1"
"Sleeper","128","11","Darnell Mooney","WR","ATL","12","16.10","106.3","129.6","120.8","186.0","13.1"
"Handcuff Flyer","129","9","Zach Charbonnet","RB","SEA","10","12.04","105.7","104.0","120.1","201.7","12.8"
"","130","5","Dalton Schultz","TE","HOU","14","10.10","109.1","122.3","116.1","150.9","12.7"
"Injured","131","11","Josh Downs","WR","IND","14","15.10","108.5","119.6","120.6","186.9","12.6"
"Sleeper","132","5","Pat Freiermuth","TE","PIT","9","11.04","100.3","121.0","115.3","149.8","11.6"
"","133","11","Adonai Mitchell","WR","IND","14","13.04","89.9","109.9","105.8","197.8","11.1"
"","134","9","Jaleel McLaughlin","RB","DEN","14","14.02","102.3","110.3","113.6","187.5","10.6"
"Handcuff Flyer","135","9","Trey Benson","RB","ARI","11","10.06","84.0","112.3","106.3","189.3","10.3"
"Value","136","11","Wan'Dale Robinson","WR","NYG","11","20.03","103.6","113.0","123.3","165.3","10.2"
"","137","5","Brock Purdy","QB","SF","9","8.11","265.9","290.6","289.1","346.9","10.2"
"Injured","138","6","T.J. Hockenson","TE","MIN","6","10.11","74.3","130.7","111.0","156.5","10.1"
"","139","5","Jared Goff","QB","DET","5","10.03","270.7","277.1","291.1","346.3","9.8"
"Sleeper","140","11","Demarcus Robinson","WR","LAR","6","22.05","97.5","108.8","121.9","170.6","9.8"
"Handcuff Flyer","141","10","Chuba Hubbard","RB","CAR","11","11.12","88.8","119.9","102.1","199.1","9.3"
"","142","5","Trevor Lawrence","QB","JAC","12","11.06","265.0","297.4","281.9","349.6","9.2"
"","143","11","Michael Wilson","WR","ARI","11","17.07","89.8","126.3","112.2","174.0","8.8"
"Sleeper","144","10","Antonio Gibson","RB","NE","14","14.10","96.8","118.1","113.9","165.1","8.8"
"Sleeper","145","11","Demario Douglas","WR","NE","14","17.11","98.8","123.7","112.3","165.1","8.4"
"","146","10","J.K. Dobbins","RB","LAC","5","11.08","69.3","111.0","97.6","214.8","8.3"
"","147","6","Luke Musgrave","TE","GB","10","15.01","87.2","95.4","103.8","153.6","7.7"
"","148","11","Marvin Mims Jr.","WR","DEN","14","20.01","89.2","84.7","101.4","188.6","7.5"
"","149","11","Adam Thielen","WR","CAR","11","14.12","99.5","139.4","110.5","160.2","7.4"
"","150","6","Taysom Hill","TE","NO","12","14.01","83.0","35.3","109.2","195.5","7.4"
"Handcuff Flyer","151","10","Rico Dowdle","RB","DAL","7","11.07","82.4","108.6","93.7","201.4","7.0"
"","152","11","Xavier Legette","WR","CAR","11","14.04","84.6","99.0","103.1","190.8","6.5"
"Injured","153","6","Justin Herbert","QB","LAC","5","11.10","249.9","290.7","277.7","352.7","6.5"
"Sleeper","154","6","Noah Fant","TE","SEA","10","18.04","88.0","92.0","107.3","144.8","5.8"
"Sleeper","155","11","Greg Dortch","WR","ARI","11","21.10","93.5","84.5","101.6","182.9","5.1"
"","156","11","Elijah Moore","WR","CLE","10","47.09","83.0","86.9","105.1","180.7","5.0"
"","157","6","Hunter Henry","TE","NE","14","16.07","91.2","107.0","101.3","135.8","4.7"
"","158","6","Tua Tagovailoa","QB","MIA","6","9.09","252.0","286.3","273.9","345.1","4.3"
"","159","11","Tyler Boyd","WR","TEN","5","22.02","92.0","95.3","105.7","159.7","4.2"
"Sleeper","160","11","Jalen Tolbert","WR","DAL","7","44.07","84.3","79.4","99.1","188.3","4.2"
"Sleeper","161","6","Tyler Conklin","TE","NYJ","12","16.11","91.7","97.4","104.2","143.8","4.2"
"","162","11","Luke McCaffrey","WR","WAS","14","19.07","74.2","87.8","82.5","193.8","4.0"
"","163","10","Khalil Herbert","RB","CHI","7","16.03","79.6","106.7","95.8","162.9","3.8"
"","164","11","Jalen McMillan","WR","TB","11","21.11","83.7","89.5","94.0","183.3","3.3"
"","165","6","Cole Kmet","TE","CHI","7","12.06","81.0","100.0","97.6","142.5","3.2"
"Sleeper","166","11","Rashod Bateman","WR","BAL","14","19.08","83.6","109.8","89.9","177.0","3.2"
"Handcuff Flyer","167","10","Mar'Keise 'Bucky' Irving","RB","TB","11","16.08","78.1","84.2","94.1","174.1","3.1"
"","168","11","Malachi Corley","WR","NYJ","12","21.12","77.7","77.5","106.5","167.1","3.0"
"","169","11","D.J. Chark Jr.","WR","LAC","5","31.06","80.0","99.2","94.2","172.3","2.6"
"Sleeper","170","11","Jermaine Burton","WR","CIN","12","18.11","60.0","90.6","87.0","181.0","2.5"
"Handcuff Flyer","171","10","Ray Davis","RB","BUF","12","15.11","77.0","81.1","90.5","177.5","2.5"
"Handcuff Flyer","172","10","Jordan Mason","RB","SF","9","17.12","70.2","87.0","78.0","202.7","2.5"
"","173","11","Jahan Dotson","WR","PHI","5","15.05","86.8","91.1","96.4","166.8","2.4"
"Sleeper","174","10","Jaylen Wright","RB","MIA","6","13.05","64.9","64.3","77.3","189.4","2.0"
"","175","11","Jalin Hyatt","WR","NYG","11","50.06","79.5","90.2","93.6","173.1","1.9"
"","176","6","Jonnu Smith","TE","MIA","6","18.02","82.6","84.2","92.8","146.7","1.4"
"Handcuff Flyer","177","10","Tyler Allgeier","RB","ATL","12","13.10","75.0","108.9","81.5","163.0","1.1"
"","178","6","Deshaun Watson","QB","CLE","10","15.08","222.1","266.6","270.9","357.6","0.8"
"Handcuff Flyer","179","10","MarShawn Lloyd","RB","GB","10","15.02","68.0","69.3","81.0","190.4","0.8"
"Injured","180","11","Roman Wilson","WR","PIT","9","20.02","76.2","87.7","96.5","157.3","0.6"
"Value","181","6","Geno Smith","QB","SEA","10","17.02","246.0","259.6","270.4","343.3","0.3"
"Handcuff Flyer","182","10","Braelon Allen","RB","NYJ","12","16.04","71.7","70.2","81.5","177.7","0.0"
"Injured","183","11","Ricky Pearsall","WR","SF","9","17.09","72.0","84.3","96.0","156.5","-0.1"
"Injured","184","6","Juwan Johnson","TE","NO","12","37.08","73.5","90.0","94.2","130.0","-0.5"
"","185","11","Quentin Johnston","WR","LAC","5","17.10","77.7","85.4","87.3","165.0","-0.5"
"","186","11","Kendrick Bourne","WR","NE","14","31.10","74.2","106.3","87.3","148.4","-1.0"
"","187","11","Josh Reynolds","WR","DEN","14","34.03","72.9","92.1","85.8","158.7","-1.4"
"","188","6","Aaron Rodgers","QB","NYJ","12","12.10","235.1","287.6","264.2","330.2","-1.6"
"","189","6","Chigoziem 'Chig' Okonkwo","TE","TEN","5","18.01","74.3","86.9","94.0","122.2","-1.7"
"","190","11","Dyami Brown","WR","WAS","14","42.11","68.7","71.3","79.9","183.7","-1.7"
"Handcuff Flyer","191","10","Alexander Mattison","RB","LVR","10","19.04","72.4","71.0","80.4","158.4","-1.8"
"Trending Down","192","10","Kimani Vidal","RB","LAC","5","15.07","62.6","38.5","74.5","171.5","-1.9"
"Injured","193","10","Tyrone Tracy Jr.","RB","NYG","11","16.12","63.1","71.8","78.9","161.8","-2.2"
"","194","10","Roschon Johnson","RB","CHI","7","19.10","73.2","66.4","81.3","150.5","-2.5"
"","195","11","Andrei Iosivas","WR","CIN","12","48.04","59.0","82.1","73.7","184.3","-2.8"
"Handcuff Flyer","196","10","Tank Bigsby","RB","JAC","12","18.07","57.5","54.0","65.3","192.6","-3.3"
"","197","10","Audric Estime","RB","DEN","14","18.12","60.4","60.5","66.4","182.5","-3.4"
"Sleeper","198","6","Will Levis","QB","TEN","5","16.02","219.6","252.5","255.4","342.2","-3.8"
"Injured","199","6","Matthew Stafford","QB","LAR","6","13.08","245.3","275.8","250.3","340.4","-4.0"
"Injured","200","10","D'Onta Foreman","RB","CLE","10","34.11","41.2","55.1","63.3","167.8","-4.4"
"","201","7","Mike Gesicki","TE","CIN","12","20.06","70.6","74.7","78.5","139.7","-4.6"
"","202","6","Kirk Cousins","QB","ATL","12","13.03","204.8","266.8","262.6","344.0","-4.7"
"","203","10","Kenneth Gainwell","RB","PHI","5","56.10","71.8","59.0","82.6","128.0","-4.8"
"","204","11","Tre Tucker","WR","LVR","10","50.08","68.3","79.1","85.3","136.5","-4.8"
"","205","7","Ben Sinnott","TE","WAS","14","16.05","59.1","68.3","70.4","144.2","-5.2"
"","206","7","Cade Otton","TE","TB","11","16.06","75.2","91.3","76.8","122.8","-5.3"
"","207","11","Treylon Burks","WR","TEN","5","48.11","67.3","74.7","79.2","146.5","-5.4"
"","208","7","Michael Mayer","TE","LVR","10","57.02","70.5","71.8","80.2","131.4","-5.4"
"Handcuff Flyer","209","10","Dameon Pierce","RB","HOU","14","17.04","53.7","63.0","63.2","167.4","-5.6"
"Injured","210","11","Odell Beckham Jr.","WR","MIA","6","24.01","51.5","99.3","79.2","138.5","-5.6"
"","211","7","Greg Dulcich","TE","DEN","14","51.08","48.0","78.8","80.0","137.6","-5.9"
"","212","7","Dawson Knox","TE","BUF","12","36.02","70.4","69.6","75.7","137.1","-6.0"
"Injured","213","10","Kendre Miller","RB","NO","12","17.01","40.8","82.0","74.1","122.3","-6.1"
"Injured","214","10","Keaton Mitchell","RB","BAL","14","20.08","49.3","72.9","75.8","128.8","-6.4"
"","215","8","Tucker Kraft","TE","GB","10","58.06","59.2","66.0","61.1","149.6","-6.7"
"Sleeper","216","8","Colby Parkinson","TE","LAR","6","47.04","70.5","52.4","78.4","137.1","-6.7"
"","217","10","Justice Hill","RB","BAL","14","19.09","63.0","54.8","75.0","127.5","-6.9"
"","218","11","Javon Baker","WR","NE","14","23.08","51.5","58.6","57.2","168.7","-7.0"
"","219","10","Samaje Perine","RB","KC","6","34.10","52.5","49.9","62.5","161.2","-7.0"
"","220","11","Ray-Ray McCloud","WR","ATL","12","55.12","63.1","76.3","74.3","141.2","-7.1"
"","221","10","Miles Sanders","RB","CAR","11","47.07","62.9","61.0","66.2","139.0","-7.1"
"","222","11","Darius Slayton","WR","NYG","11","39.05","63.5","110.4","74.7","115.7","-7.3"
"","223","11","Troy Franklin","WR","DEN","14","18.03","45.2","73.2","56.4","163.7","-7.3"
"Handcuff Flyer","224","10","Clyde Edwards-Helaire","RB","KC","6","18.10","50.7","65.2","59.7","152.1","-7.5"
"","225","10","Jamaal Williams","RB","NO","12","40.04","52.5","74.3","58.3","141.1","-8.1"
"","226","11","Kalif Raymond","WR","DET","5","50.02","62.2","67.9","73.1","139.0","-8.2"
"","227","11","Jalen Nailor","WR","MIN","6","74.03","53.6","65.5","67.0","157.4","-8.3"
"","228","11","Alec Pierce","WR","IND","14","70.01","60.1","72.5","66.8","148.3","-8.3"
"","229","8","Isaiah Likely","TE","BAL","14","15.09","55.4","83.7","61.5","144.5","-8.6"
"","230","11","Malik Washington","WR","MIA","6","49.04","51.5","42.5","60.6","181.9","-8.8"
"","231","8","Zach Ertz","TE","WAS","14","36.07","63.7","83.2","74.1","127.4","-8.8"
"","232","10","Dalvin Cook","RB","DAL","7","28.09","35.4","38.2","54.5","171.7","-9.2"
"","233","8","Theo Johnson","TE","NYG","11","56.09","48.6","71.5","60.7","142.7","-10.5"
"","234","11","Tim Patrick","WR","DET","5","34.04","38.9","75.4","55.5","161.1","-10.5"
"","235","6","Baker Mayfield","QB","TB","11","14.09","227.1","259.4","255.1","324.0","-10.6"
"","236","11","Michael Thomas","WR","UNS","1","50.03","43.5","49.2","86.9","111.3","-10.6"
"","237","11","Jonathan Mingo","WR","CAR","11","48.12","47.4","77.6","55.1","151.6","-10.8"
"","238","11","Noah Brown","WR","WAS","14","43.12","47.6","71.2","56.0","153.9","-10.8"
"Injured","239","10","Pierre Strong Jr.","RB","CLE","10","28.12","40.4","44.5","47.5","156.8","-11.1"
"","240","11","Hunter Renfrow","WR","UNS","1","58.09","62.3","19.6","76.0","133.0","-11.4"
"","241","8","Kylen Granson","TE","IND","14","63.05","54.9","58.6","59.7","140.2","-11.6"
"","242","6","Daniel Jones","QB","NYG","11","19.11","190.0","247.6","253.3","331.8","-11.7"
"","243","9","Sam Darnold","QB","MIN","6","38.11","187.0","234.2","256.2","335.6","-11.9"
"Handcuff Flyer","244","10","Trey Sermon","RB","IND","14","50.07","37.7","43.8","44.3","155.1","-12.0"
"","245","8","Gerald Everett","TE","CHI","7","58.11","53.9","65.8","59.8","128.7","-12.4"
"","246","10","Will Shipley","RB","PHI","5","19.05","43.2","44.6","50.8","127.0","-12.9"
"","247","11","Xavier Gipson","WR","NYJ","12","77.02","39.2","42.9","65.3","137.1","-13.1"
"","248","9","Bo Nix","QB","DEN","14","16.01","209.1","229.4","248.9","328.6","-13.2"
"","249","8","Ja'Tavion Sanders","TE","CAR","11","21.06","52.1","57.5","67.6","111.6","-13.4"
"","250","11","Tyquan Thornton","WR","NE","14","33.11","47.9","34.3","54.4","155.1","-13.4"
"","251","20","Carson Steele","RB","KC","6","29.04","32.9","33.0","38.7","158.5","-13.6"
"","252","8","Hayden Hurst","TE","LAC","5","39.09","48.0","73.7","53.3","130.6","-13.6"
"","253","11","JuJu Smith-Schuster","WR","KC","6","34.02","45.8","65.2","57.3","126.0","-13.9"
"","254","11","Olamide Zaccheaus","WR","WAS","14","35.12","45.1","66.9","53.0","132.6","-14.0"
"","255","11","Mecole Hardman","WR","KC","6","62.01","51.8","27.5","64.8","129.5","-14.1"
"","256","20","Cam Akers","RB","HOU","14","50.12","26.9","33.8","38.5","153.9","-14.3"
"","257","11","Bo Melton","WR","GB","10","71.11","39.9","38.5","42.9","171.6","-14.4"
"","258","11","Van Jefferson","WR","PIT","9","37.07","52.6","59.6","58.4","116.8","-14.5"
"","259","11","Devontez Walker","WR","BAL","14","51.03","47.1","43.6","54.8","137.0","-14.6"
"","260","20","Dylan Laube","RB","LVR","10","56.08","41.4","36.3","48.7","116.9","-14.8"
"","261","20","Rasheen Ali","RB","BAL","14","65.04","39.3","26.3","46.3","129.5","-14.8"
"","262","11","Kadarius Toney","WR","UNS","1","65.10","35.9","27.7","58.0","144.9","-15.0"
"","263","20","Eric Gray","RB","NYG","11","60.01","34.0","44.4","40.0","130.0","-15.1"
"","264","11","Nelson Agholor","WR","BAL","14","49.12","51.7","60.5","58.7","108.7","-15.2"
"","265","11","A.T. Perry","WR","NO","12","46.07","40.7","68.7","47.9","127.0","-15.7"
"","266","20","Kene Nwangwu","RB","UNS","1","60.07","31.8","8.2","37.4","149.8","-16.0"
"","267","11","Devaughn Vele","WR","DEN","14","79.08","35.5","21.3","41.8","171.2","-16.1"
"Injured","268","11","Marquez Valdes-Scantling","WR","BUF","12","39.07","44.6","41.5","52.5","128.6","-16.2"
"","269","20","Jeffery 'Jeff' Wilson Jr.","RB","MIA","6","42.06","39.3","24.6","43.7","117.9","-16.3"
"","270","11","Justin Watson","WR","KC","6","41.09","43.1","38.9","56.7","120.8","-16.4"
"","271","9","Bryce Young","QB","CAR","11","19.01","216.3","234.5","232.6","327.9","-16.5"
"Injured","272","20","Royce Freeman","RB","UNS","1","42.08","38.6","7.9","42.9","128.7","-16.5"
"Injured","273","20","Nyheim Hines","RB","CLE","10","57.03","25.3","35.1","50.7","101.4","-16.8"
"","274","11","Skyy Moore","WR","KC","6","77.01","40.6","29.5","54.1","129.9","-16.8"
"","275","11","Trey Palmer","WR","TB","11","80.04","49.3","50.5","58.0","101.5","-16.9"
"","276","11","Mack Hollins","WR","BUF","12","51.04","45.6","36.5","53.6","120.7","-17.0"
"","277","11","Russell Gage","WR","UNS","1","41.05","44.1","21.6","58.8","120.6","-17.1"
"","278","20","Cordarrelle Patterson","RB","PIT","9","42.02","32.9","30.4","41.2","113.3","-17.2"
"","279","11","Isaiah Hodgins","WR","UNS","1","65.11","45.9","28.3","57.3","114.7","-17.4"
"","280","20","Isaac Guerendo","RB","SF","9","20.12","26.4","34.6","31.0","130.3","-17.6"
"","281","11","Calvin Austin III","WR","PIT","9","46.12","35.9","56.0","47.9","119.7","-17.6"
"","282","11","Jordan Whittington","WR","LAR","6","49.05","40.7","31.9","45.2","135.6","-17.9"
"","283","11","Justyn Ross","WR","UNS","1","73.01","24.9","16.0","33.3","179.6","-18.0"
"","284","11","K.J. Osborn","WR","NE","14","40.10","47.0","55.0","52.2","96.6","-18.4"
"","285","9","Derek Carr","QB","NO","12","33.08","224.0","241.5","240.9","305.9","-18.4"
"","286","11","Brandon Powell","WR","MIN","6","41.06","46.7","30.7","54.9","104.3","-18.7"
"","287","11","Derius Davis","WR","LAC","5","27.08","45.1","19.0","50.1","120.4","-19.0"
"","288","20","Kareem Hunt","RB","UNS","1","33.06","26.8","42.9","48.8","85.4","-19.0"
"","289","8","Will Dissly","TE","LAC","5","44.03","48.7","35.8","57.3","100.2","-19.3"
"","290","20","Leonard Fournette","RB","UNS","1","40.11","27.1","21.7","41.6","97.9","-19.3"
"","291","11","Donovan Peoples-Jones","WR","UNS","1","68.02","39.3","27.8","49.1","113.0","-19.7"
"","292","20","Michael Carter","RB","UNS","1","65.05","36.5","24.8","43.0","80.8","-19.9"
"","293","20","Keilan Robinson","RB","JAC","12","78.04","28.9","24.5","34.0","102.0","-20.0"
"","294","20","Emanuel Wilson","RB","GB","10","29.02","22.5","47.4","28.1","98.4","-20.4"
"Injured","295","11","Johnny Wilson","WR","PHI","5","69.11","36.2","25.7","41.2","123.5","-20.6"
"","296","20","Deuce Vaughn","RB","DAL","7","64.12","23.2","34.1","29.0","101.4","-20.7"
"","297","20","Deneric Prince","RB","UNS","1","59.01","16.2","12.7","25.0","127.3","-20.8"
"","298","11","Cedrick 'Ced' Wilson","WR","NO","12","55.10","33.4","51.2","41.7","104.3","-20.9"
"","299","11","Trenton Irwin","WR","CIN","12","52.03","33.3","39.3","39.1","117.5","-20.9"
"","300","9","Drake Maye","QB","NE","14","19.03","191.6","228.4","225.5","329.2","-20.9"
"","301","8","Daniel Bellinger","TE","NYG","11","52.02","43.0","50.8","47.8","97.5","-21.2"
"","302","20","Jerick McKinnon","RB","UNS","1","45.04","22.3","23.6","37.2","81.9","-21.6"
"","303","11","Jake Bobo","WR","SEA","10","72.08","33.6","35.9","42.0","105.1","-21.7"
"","304","11","Jalen Brooks","WR","DAL","7","48.11","29.6","19.3","34.8","132.4","-21.8"
"","305","20","Craig Reynolds","RB","DET","5","77.05","22.6","18.1","28.3","99.0","-22.0"
"","306","20","Evan Hull","RB","UNS","1","61.01","23.9","21.5","28.2","95.7","-22.1"
"","307","20","Chris Evans","RB","CIN","12","60.06","21.2","9.2","24.9","112.1","-22.1"
"","308","20","D'Ernest Johnson","RB","JAC","12","58.12","25.4","23.6","28.2","93.0","-22.1"
"","309","11","KaVontae Turpin","WR","DAL","7","59.09","30.7","52.5","34.9","104.6","-22.3"
"Injured","310","11","Charlie Jones","WR","CIN","12","72.02","33.5","12.9","47.8","102.9","-22.3"
"","311","20","Latavius Murray","RB","UNS","1","47.10","22.3","26.5","34.3","75.4","-22.6"
"","312","20","Ameer Abdullah","RB","LVR","10","44.12","28.7","25.1","33.8","72.6","-22.6"
"","313","20","Tyler Goodson","RB","IND","14","77.09","19.3","27.2","24.1","96.6","-22.6"
"","314","8","Mo Alie-Cox","TE","IND","14","33.01","40.4","37.3","44.9","101.1","-22.7"
"","315","20","Joshua Kelley","RB","NYG","11","26.09","22.9","21.1","29.3","85.1","-22.8"
"","316","11","Laviska Shenault","WR","SEA","10","35.07","37.3","21.3","43.9","96.7","-22.9"
"","317","11","Tutu Atwell","WR","LAR","6","69.06","36.9","38.3","43.4","86.7","-22.9"
"","318","11","Deonte Harty","WR","BAL","14","79.09","33.5","16.8","39.0","111.1","-23.0"
"","319","11","Cedric Tillman","WR","CLE","10","75.03","33.1","50.5","41.4","82.9","-23.1"
"","320","20","Isaiah Davis","RB","NYJ","12","82.02","23.0","27.3","27.1","81.2","-23.2"
"","321","11","Brenden Rice","WR","LAC","5","52.05","25.9","35.7","34.5","110.5","-23.2"
"","322","20","Sione Vaki","RB","DET","5","83.03","16.3","22.1","21.8","97.9","-23.4"
"","323","20","Chris Rodriguez","RB","UNS","1","70.09","22.1","41.1","27.6","69.0","-23.4"
"","324","8","Cade Stover","TE","HOU","14","76.08","34.8","22.7","41.0","114.7","-23.6"
"","325","11","Jauan Jennings","WR","SF","9","58.02","36.7","63.7","43.2","62.6","-23.7"
"","326","20","Kyle Juszczyk","","SF","9","54.10","0.0","37.1","0.0","0.0","-23.9"
"","327","20","Emari Demercado","RB","ARI","11","72.09","23.3","42.6","27.4","60.3","-24.1"
"","328","11","Richie James","WR","UNS","1","40.12","31.9","25.7","37.6","97.7","-24.1"
"","329","20","Blake Watson","RB","DEN","14","70.02","17.9","13.6","21.1","94.8","-24.2"
"","330","11","Braxton Berrios","WR","MIA","6","41.07","30.9","23.2","36.4","101.9","-24.2"
"","331","20","Kevin Harris","RB","UNS","1","79.12","15.5","35.1","20.6","82.5","-24.2"
"","332","11","Allen Lazard","WR","NYJ","12","43.07","31.9","37.5","45.6","72.0","-24.3"
"","333","8","Lucas Krull","TE","DEN","14","73.08","26.8","23.8","34.8","125.3","-24.4"
"","334","11","Ainias Smith","WR","PHI","5","68.06","28.5","39.1","33.6","94.0","-24.7"
"","335","8","Erick All","TE","CIN","12","79.04","34.8","11.4","43.5","106.6","-24.9"
"","336","20","Jaret Patterson","RB","UNS","1","69.10","13.8","16.7","17.3","93.3","-25.0"
"","337","20","Israel Abanikanda","RB","NYJ","12","48.07","19.2","20.3","22.6","67.7","-25.8"
"","338","11","John Metchie","WR","HOU","14","80.02","23.1","45.9","33.0","82.4","-25.8"
"","339","11","Allen Robinson","WR","UNS","1","48.02","30.1","23.4","37.6","82.7","-25.9"
"","340","20","Kenny McIntosh","RB","SEA","10","31.11","13.6","15.2","16.9","84.7","-25.9"
"","341","20","Isaiah Spiller","RB","UNS","1","56.10","14.8","16.4","16.5","82.3","-26.1"
"Injured","342","11","Jacob Cowing","WR","SF","9","63.09","30.4","16.0","35.0","90.9","-26.1"
"","343","20","Chase Edmonds","RB","TB","11","41.10","0.0","31.1","0.0","0.0","-26.2"
"","344","20","Jase McClellan","RB","ATL","12","38.03","17.5","20.5","19.8","69.4","-26.2"
"","345","11","Parker Washington","WR","JAC","12","68.08","25.3","44.5","31.6","80.6","-26.2"
"","346","11","Robert Woods","WR","HOU","14","44.09","28.0","30.9","32.9","82.4","-26.5"
"","347","11","Brandon Johnson","WR","UNS","1","30.08","20.3","15.0","27.0","108.2","-26.7"
"","348","11","Ryan Flournoy","WR","DAL","7","82.12","22.0","29.4","25.8","96.9","-27.0"
"","349","11","KhaDarel Hodge","WR","ATL","12","30.12","43.4","34.4","43.4","43.4","-27.1"
"","350","11","Devin Duvernay","WR","JAC","12","63.04","27.3","19.5","32.5","84.5","-27.2"
"","351","20","Raheem Blackshear","RB","CAR","11","21.08","17.3","13.3","21.6","58.3","-27.3"
"","352","9","Russell Wilson","QB","PIT","9","30.10","117.9","274.3","214.3","321.5","-27.3"
"","353","11","Zay Jones","WR","ARI","11","32.03","25.0","45.9","29.1","72.8","-27.4"
"","354","20","DeWayne McBride","RB","UNS","1","83.11","7.9","15.7","9.3","83.9","-27.6"
"","355","8","Adam Trautman","TE","DEN","14","56.06","33.4","36.0","37.9","79.6","-27.6"
"","356","8","Darnell Washington","TE","PIT","9","83.08","25.6","21.8","32.0","105.4","-27.7"
"","357","20","Cody Schrader","RB","LAR","6","80.03","11.2","5.3","12.4","80.9","-27.8"
"Injured","358","11","Kyle Philips","WR","UNS","1","76.02","27.4","5.1","30.4","91.2","-27.9"
"","359","8","Austin Hooper","TE","NE","14","40.03","35.9","35.4","39.9","71.7","-28.0"
"","360","20","Ke'Shawn Vaughn","RB","UNS","1","56.02","13.6","2.0","16.0","71.9","-28.0"
"","361","20","Jawhar Jordan","RB","UNS","1","79.03","14.4","12.8","16.3","62.0","-28.1"
"","362","11","Anthony Gould","WR","IND","14","32.02","24.9","11.9","29.2","87.7","-28.2"
"","363","11","Jamari Thrash","WR","CLE","10","76.11","26.6","15.0","30.3","81.7","-28.3"
"Injured","364","8","Tommy Tremble","TE","CAR","11","81.01","26.9","41.5","38.4","73.8","-28.3"
"","365","20","Ty Johnson","RB","BUF","12","57.11","12.0","53.0","15.4","35.4","-28.4"
"","366","20","Frank Gore Jr.","RB","UNS","1","63.06","10.1","19.2","12.6","62.9","-28.6"
"","367","11","Terrace Marshall","WR","UNS","1","70.03","24.7","11.2","27.4","87.7","-28.6"
"","368","11","Casey Washington","WR","ATL","12","76.10","20.8","26.6","24.5","85.7","-28.6"
"","369","11","David Bell","WR","CLE","10","38.10","22.4","32.2","25.4","78.9","-28.6"
"","370","20","Trayveon Williams","RB","UNS","1","31.03","10.9","13.1","12.8","64.0","-28.7"
"","371","8","Foster Moreau","TE","NO","12","58.04","28.8","30.1","33.4","85.3","-28.9"
"","372","20","Ronnie Rivers","RB","LAR","6","63.12","10.8","20.9","12.7","57.2","-28.9"
"","373","11","Simi Fehoko","WR","LAC","5","27.05","23.3","2.4","29.2","87.5","-29.0"
"Injured","374","11","Parris Campbell","WR","UNS","1","44.02","27.4","23.9","32.3","61.3","-29.3"
"","375","8","Jeremy Ruckert","TE","NYJ","12","73.09","27.1","29.9","31.9","86.1","-29.3"
"","376","8","AJ Barner","TE","SEA","10","41.03","31.2","26.1","35.5","78.1","-29.4"
"","377","20","Julius Chestnut","RB","TEN","5","74.06","10.2","17.7","11.6","55.7","-29.4"
"","378","8","Noah Gray","TE","KC","6","66.03","31.3","51.9","36.9","57.2","-29.5"
"","379","8","Tanner Hudson","TE","CIN","12","73.05","32.6","35.3","38.4","63.3","-29.6"
"","380","20","Myles Gaskin","RB","UNS","1","59.07","10.1","5.9","11.9","59.3","-29.8"
"","381","11","Bub Means","WR","NO","12","78.01","21.3","26.4","23.6","75.7","-29.8"
"","382","20","Dillon Johnson","RB","UNS","1","81.07","7.3","12.3","8.6","60.3","-30.0"
"","383","11","Danny Gray","WR","UNS","1","25.02","12.6","15.4","14.0","105.2","-30.1"
"","384","8","Johnny Mundt","TE","MIN","6","41.02","27.3","23.7","36.4","74.6","-30.1"
"","385","8","Will Mallory","TE","IND","14","74.05","20.3","16.5","27.0","102.6","-30.1"
"","386","8","Brevin Jordan","TE","HOU","14","73.06","25.6","43.3","30.2","73.9","-30.2"
"","387","11","Tyler Scott","WR","CHI","7","68.12","23.5","29.6","28.0","58.8","-30.2"
"","388","20","Hassan Haskins","RB","UNS","1","76.06","8.7","8.3","10.8","54.1","-30.4"
"","389","9","Andrew 'Drew' Ogletree","TE","IND","14","33.10","19.9","23.6","24.8","99.3","-30.5"
"","390","11","Xavier Hutchinson","WR","HOU","14","38.08","19.5","14.6","24.4","73.1","-30.8"
"Injured","391","9","Lawrence Cager","TE","UNS","1","57.04","23.5","4.4","26.1","104.3","-30.8"
"","392","9","Drew Sample","TE","CIN","12","27.09","24.8","33.5","28.2","79.0","-30.9"
"","393","11","D.J. Montgomery","WR","IND","14","71.03","0.0","33.0","0.0","0.0","-30.9"
"","394","20","Daijun Edwards","RB","UNS","1","83.07","8.2","0.4","9.1","54.8","-31.1"
"","395","20","Patrick Taylor","RB","SF","9","61.05","9.6","3.9","12.8","42.1","-31.3"
"","396","11","Sterling Shepard","WR","UNS","1","35.08","21.6","1.6","27.0","67.6","-31.5"
"","397","11","Zach Pascal","WR","ARI","11","51.02","15.8","10.9","18.0","80.9","-31.8"
"","398","11","Chase Claypool","WR","UNS","1","59.11","33.3","15.8","33.3","33.3","-32.0"
"","399","9","Josh Whyle","TE","TEN","5","69.01","23.8","31.4","28.0","72.7","-32.0"
"","400","9","Grant Calcaterra","TE","PHI","5","64.09","23.6","11.7","27.8","83.4","-32.3"
"","401","11","Malik Heath","WR","GB","10","35.06","12.9","10.4","15.1","83.2","-32.4"
"","402","20","JaMycal Hasty","RB","NE","14","30.03","0.0","14.8","0.0","0.0","-32.4"
"Injured","403","9","Luke Schoonmaker","TE","DAL","7","76.03","19.5","22.8","24.4","85.3","-32.4"
"","404","20","Sean Tucker","RB","TB","11","84.01","6.9","9.9","9.2","34.0","-32.4"
"","405","11","Nick Westbrook-Ikhine","WR","TEN","5","53.03","0.0","29.5","0.0","0.0","-32.5"
"","406","9","Jared Wiley","TE","KC","6","78.06","22.3","23.2","26.2","78.7","-32.5"
"","407","20","Dare Ogunbowale","RB","HOU","14","51.09","0.0","14.2","0.0","0.0","-32.6"
"","408","9","Davis Allen","TE","LAR","6","79.11","25.1","16.9","27.9","76.6","-32.6"
"","409","20","Boston Scott","RB","UNS","1","37.04","0.0","11.9","0.0","0.0","-33.5"
"","410","11","Quez Watkins","WR","UNS","1","60.11","19.9","18.2","22.1","47.6","-33.5"
"","411","20","Travis Homer","RB","CHI","7","62.05","6.5","8.2","8.2","24.5","-33.5"
"","412","9","Tyler Higbee","TE","LAR","6","49.10","24.3","52.4","30.4","40.7","-33.5"
"","413","11","Samori Toure","WR","UNS","1","22.04","12.2","0.1","14.4","79.2","-33.6"
"","414","9","Irv Smith","TE","UNS","1","61.02","24.4","16.5","27.7","69.2","-33.6"
"","415","11","Isaiah Williams","WR","DET","5","76.09","12.9","28.7","15.2","57.7","-33.7"
"","416","20","Salvon Ahmed","RB","UNS","1","64.05","0.0","11.3","0.0","0.0","-33.7"
"","417","11","Tylan Wallace","WR","BAL","14","71.04","10.2","9.7","12.8","76.7","-33.7"
"","418","9","Jordan Akins","TE","CLE","10","43.06","22.0","23.1","26.8","67.1","-33.8"
"","419","9","Jaheim Bell","TE","NE","14","84.02","16.5","29.3","20.7","78.6","-33.8"
"","420","9","Brock Wright","TE","DET","5","32.06","20.0","28.9","23.5","70.6","-33.8"
"","421","20","Alec Ingold","","MIA","6","39.02","0.0","10.7","0.0","0.0","-33.9"
"","422","9","Tip Reiman","TE","ARI","11","79.05","23.2","16.1","27.3","68.3","-34.0"
"","423","20","Matt Breida","RB","UNS","1","37.06","0.0","10.1","0.0","0.0","-34.1"
"","424","9","Durham Smythe","TE","MIA","6","38.02","23.4","41.5","26.0","52.1","-34.2"
"","425","20","Deon Jackson","RB","UNS","1","66.08","6.7","-8.7","7.4","29.6","-34.2"
"","426","9","Josh Oliver","TE","MIN","6","53.10","25.1","37.2","28.5","48.5","-34.2"
"","427","11","Ben Skowronek","WR","UNS","1","63.08","13.3","12.9","16.6","58.3","-34.3"
"","428","11","Velus Jones","WR","CHI","7","62.12","15.0","8.4","17.7","57.5","-34.4"
"","429","11","Cornelius Johnson","WR","UNS","1","81.12","13.0","20.1","14.4","57.6","-34.4"
"","430","11","Joshua Cephus","WR","UNS","1","77.03","12.6","0.0","14.9","52.1","-34.6"
"","431","20","DeeJay Dallas","RB","ARI","11","65.03","0.0","8.8","0.0","0.0","-34.6"
"","432","11","Ashton Dulin","WR","IND","14","78.10","12.0","12.5","15.0","59.8","-34.6"
"","433","11","Marcus Rosemy-Jacksaint","WR","UNS","1","24.10","12.4","24.2","14.6","51.0","-34.8"
"","434","20","Malik Davis","RB","UNS","1","66.01","0.0","8.3","0.0","0.0","-34.8"
"","435","20","Nikko Remigio","WR","UNS","1","76.04","0.0","24.0","0.0","0.0","-34.8"
"","436","9","Donald Parham","TE","DEN","14","57.01","22.8","27.0","26.8","53.6","-35.0"
"","437","9","Brenton Strange","TE","JAC","12","79.07","17.3","25.5","23.1","64.7","-35.1"
"","438","20","Emani Bailey","RB","UNS","1","62.09","0.0","6.4","0.0","0.0","-35.5"
"","439","20","D'Wayne 'Dee' Eskridge","WR","UNS","1","61.04","8.3","12.4","10.4","62.3","-35.5"
"","440","20","Robbie Chosen","WR","UNS","1","48.07","0.0","22.0","0.0","0.0","-35.7"
"","441","20","Jamison Crowder","WR","WAS","14","49.07","21.9","20.9","21.9","21.9","-35.8"
"","442","9","Stone Smartt","TE","LAC","5","29.12","17.5","15.8","20.6","66.9","-36.2"
"","443","9","Elijah Higgins","TE","ARI","11","78.05","0.0","30.0","0.0","0.0","-36.3"
"","444","9","Connor Heyward","TE","PIT","9","66.11","18.4","19.2","20.9","62.9","-36.3"
"","445","20","Keaontay Ingram","RB","UNS","1","74.08","0.0","4.2","0.0","0.0","-36.4"
"","446","20","Elijah Dotson","RB","LAC","5","69.03","0.0","3.9","0.0","0.0","-36.5"
"","447","20","Zach Evans","RB","UNS","1","83.09","0.0","3.7","0.0","0.0","-36.5"
"","448","20","Alex Erickson","WR","LAC","5","48.06","0.0","20.0","0.0","0.0","-36.6"
"","449","20","La'Mical Perine","RB","PIT","9","35.11","0.0","3.6","0.0","0.0","-36.6"
"","450","20","Ronnie Bell","WR","SF","9","75.11","9.2","12.8","10.2","51.0","-36.6"
"","451","20","Reggie Gilliam","","BUF","12","36.03","0.0","3.2","0.0","0.0","-36.7"
"","452","9","Gardner Minshew","QB","LVR","10","40.06","114.3","223.3","207.8","299.3","-36.7"
"","453","20","Gary Brightwell","RB","UNS","1","71.12","1.5","0.4","1.6","8.1","-36.8"
"","454","20","Brandon Bolden","RB","LVR","10","22.12","0.0","2.8","0.0","0.0","-36.9"
"","455","20","Christopher 'Chris' Brooks","RB","UNS","1","75.09","0.0","2.6","0.0","0.0","-37.0"
"","456","9","Charlie Kolar","TE","BAL","14","67.01","10.6","15.1","13.2","79.5","-37.1"
"","457","20","Rakim Jarrett","WR","TB","11","27.06","0.0","18.8","0.0","0.0","-37.1"
"","458","20","Corey Davis","WR","NYJ","12","23.01","0.0","18.3","0.0","0.0","-37.3"
"","459","20","Tyrion Davis-Price","RB","PHI","5","26.04","0.0","1.7","0.0","0.0","-37.3"
"","460","9","Cole Turner","TE","UNS","1","30.01","19.4","8.7","22.8","56.9","-37.3"
"","461","9","Tanner McLachlan","TE","CIN","12","81.04","14.1","15.4","16.8","67.2","-37.4"
"","462","20","Trent Sherfield","WR","MIN","6","42.12","0.0","18.0","0.0","0.0","-37.4"
"","463","20","Zonovan 'Bam' Knight","RB","UNS","1","79.01","0.0","1.1","0.0","0.0","-37.5"
"","464","20","Tahj Washington","WR","MIA","6","78.02","0.0","17.3","0.0","0.0","-37.7"
"","465","20","Bryce Ford-Wheaton","WR","NYG","11","72.07","0.0","17.1","0.0","0.0","-37.8"
"","466","20","Mike Boone","RB","UNS","1","36.01","0.0","0.3","0.0","0.0","-37.8"
"","467","20","Louis Rees-Zammit","RB","UNS","1","82.07","0.0","0.2","0.0","0.0","-37.9"
"Injured","468","9","Ian Thomas","TE","CAR","11","61.11","14.3","17.2","15.9","63.6","-37.9"
"","469","20","Darrynton Evans","RB","MIA","6","55.05","0.0","0.1","0.0","0.0","-37.9"
"","470","20","Corey Clement","RB","ARI","11","40.01","0.0","0.0","0.0","0.0","-37.9"
"","471","20","Rashaad Penny","RB","CAR","11","84.02","0.0","0.0","0.0","0.0","-37.9"
"","472","20","James Robinson","RB","UNS","1","61.06","0.0","0.0","0.0","0.0","-37.9"
"","473","20","Devine Ozigbo","RB","DET","5","25.04","0.0","0.0","0.0","0.0","-37.9"
"","474","20","A.J. Dillon","RB","GB","10","18.07","0.0","0.0","0.0","0.0","-37.9"
"","475","20","Xazavian Valladay","RB","PIT","9","34.05","0.0","0.0","0.0","0.0","-37.9"
"","476","20","Lew Nichols","RB","PHI","5","79.06","0.0","0.0","0.0","0.0","-37.9"
"","477","20","Kendall Milton","RB","UNS","1","78.12","0.0","0.0","0.0","0.0","-37.9"
"","478","20","Eno Benjamin","RB","UNS","1","84.02","0.0","0.0","0.0","0.0","-37.9"
"","479","20","Jonathan Williams","RB","WAS","14","51.12","0.0","0.0","0.0","0.0","-37.9"
"","480","20","Jake Funk","RB","IND","14","55.01","0.0","0.0","0.0","0.0","-37.9"
"","481","20","Jonathan Ward","RB","TEN","5","55.06","0.0","0.0","0.0","0.0","-37.9"
"","482","20","Tony Jones Jr.","RB","ARI","11","60.03","0.0","0.0","0.0","0.0","-37.9"
"","483","20","Elijah Mitchell","RB","SF","9","15.12","0.0","0.0","0.0","0.0","-37.9"
"","484","9","Devin Culp","TE","TB","11","26.12","13.6","23.7","15.1","60.5","-38.0"
"","485","20","Ihmir Smith-Marsette","WR","CAR","11","67.08","0.0","16.4","0.0","0.0","-38.1"
"Injured","486","9","Robert Tonyan","TE","UNS","1","51.06","16.7","18.2","20.9","48.0","-38.3"
"","487","20","Malik Taylor","WR","UNS","1","32.10","6.9","4.0","7.7","46.1","-38.4"
"","488","20","Antoine Green","WR","DET","5","74.12","0.0","15.8","0.0","0.0","-38.4"
"","489","20","K.J. Hamler","WR","UNS","1","64.11","0.0","15.7","0.0","0.0","-38.4"
"","490","20","Isaiah McKenzie","WR","NYG","11","26.03","0.0","15.6","0.0","0.0","-38.5"
"","491","20","Erik Ezukanma","WR","UNS","1","73.02","6.8","0.7","7.5","45.1","-38.7"
"","492","20","Jamal Agnew","WR","JAC","12","38.05","0.0","14.8","0.0","0.0","-38.8"
"","493","9","Peyton Hendershot","TE","KC","6","27.07","12.3","12.5","15.3","61.3","-38.8"
"","494","20","Jason Brownlee","WR","NYJ","12","35.09","6.7","12.8","8.3","33.3","-38.9"
"","495","9","Dallin Holker","TE","NO","12","79.10","12.8","25.9","14.6","51.7","-39.1"
"","496","20","David Moore","WR","CAR","11","31.05","0.0","13.8","0.0","0.0","-39.2"
"","497","20","Chris Moore","WR","ARI","11","48.08","0.0","13.7","0.0","0.0","-39.3"
"","498","9","Geoff Swaim","TE","ARI","11","35.10","0.0","23.9","0.0","0.0","-39.4"
"","499","20","Jalen Reagor","WR","NE","14","65.09","0.0","12.2","0.0","0.0","-39.9"
"","500","20","Marquise Goodwin","WR","CLE","10","35.05","0.0","11.9","0.0","0.0","-40.1"
"","501","20","Jalen Guyton","WR","LVR","10","25.11","0.0","11.9","0.0","0.0","-40.1"
"","502","20","Kayshon Boutte","WR","NE","14","55.06","0.0","11.7","0.0","0.0","-40.1"
"","503","20","Tre'Quan Smith","WR","DEN","14","36.11","0.0","11.7","0.0","0.0","-40.1"
"","504","20","Equanimeous St. Brown","WR","UNS","1","52.01","0.0","11.5","0.0","0.0","-40.2"
"","505","20","Dareke Young","WR","SEA","10","83.02","0.0","11.3","0.0","0.0","-40.3"
"","506","9","C.J. Uzomah","TE","UNS","1","44.10","13.8","8.0","16.2","48.7","-40.4"
"","507","20","Chris Conley","WR","SF","9","23.05","0.0","10.9","0.0","0.0","-40.5"
"","508","20","River Cracraft","WR","MIA","6","33.03","0.0","10.6","0.0","0.0","-40.6"
"","509","20","Tim Jones","WR","JAC","12","67.03","0.0","9.3","0.0","0.0","-41.2"
"","510","20","Scott 'Scotty' Miller","WR","PIT","9","57.12","0.0","9.1","0.0","0.0","-41.3"
"","511","9","John Bates","TE","WAS","14","24.12","13.3","16.3","14.8","37.0","-41.5"
"","512","9","Hunter Long","TE","LAR","6","70.12","9.1","12.2","10.7","49.3","-41.7"
"","513","9","Harrison Bryant","TE","LVR","10","62.07","14.3","15.5","15.8","32.5","-41.8"
"","514","20","Jha'Quan Jackson","WR","TEN","5","37.05","0.0","6.0","0.0","0.0","-42.6"
"","515","20","Britain Covey","WR","PHI","5","52.11","0.0","5.4","0.0","0.0","-42.9"
"","516","20","Deven Thompkins","WR","UNS","1","80.12","1.6","16.4","1.9","4.7","-43.1"
"","517","20","Jalen Coker","WR","CAR","11","83.12","0.0","4.7","0.0","0.0","-43.2"
"","518","20","Phillip Dorsett","WR","DEN","14","49.08","0.0","4.5","0.0","0.0","-43.3"
"","519","20","Colton Dowell","WR","TEN","5","21.07","0.0","4.4","0.0","0.0","-43.3"
"","520","9","Pharaoh Brown","TE","SEA","10","51.07","0.0","16.4","0.0","0.0","-43.4"
"","521","9","Luke Farrell","TE","JAC","12","60.04","0.0","16.1","0.0","0.0","-43.5"
"","522","20","MyCole Pruitt","TE","PIT","9","23.11","0.0","15.9","0.0","0.0","-43.6"
"","523","20","Byron Pringle","WR","WAS","14","23.12","0.0","3.5","0.0","0.0","-43.7"
"","524","20","Quintin Morris","TE","BUF","12","67.11","0.0","15.6","0.0","0.0","-43.8"
"","525","20","DeAndre Carter","WR","CHI","7","24.04","0.0","2.9","0.0","0.0","-43.9"
"","526","20","Payne Durham","TE","TB","11","76.01","0.0","14.7","0.0","0.0","-44.2"
"","527","20","Irvin Charles","WR","NYJ","12","53.07","0.0","2.2","0.0","0.0","-44.2"
"","528","20","Kristian Wilkerson","WR","NE","14","56.01","0.0","2.1","0.0","0.0","-44.3"
"","529","20","Rondale Moore","WR","ATL","12","76.05","0.0","1.9","0.0","0.0","-44.4"
"","530","20","Lil'Jordan Humphrey","WR","UNS","1","63.02","0.0","1.7","0.0","0.0","-44.5"
"","531","20","John Ross","WR","UNS","1","38.04","0.0","0.8","0.0","0.0","-44.9"
"","532","20","Dax Milne","WR","UNS","1","80.05","0.0","0.4","0.0","0.0","-45.0"
"","533","20","N'Keal Harry","WR","UNS","1","54.01","0.0","0.1","0.0","0.0","-45.1"
"","534","20","Frank Darby","WR","ATL","12","62.10","0.0","0.0","0.0","0.0","-45.2"
"","535","20","Mike Strachan","WR","CAR","11","58.10","0.0","0.0","0.0","0.0","-45.2"
"","536","20","Austin Watkins Jr.","WR","CLE","10","70.04","0.0","0.0","0.0","0.0","-45.2"
"","537","20","Austin Trammell","WR","JAC","12","66.12","0.0","0.0","0.0","0.0","-45.2"
"","538","20","Kwamie Lassiter II","WR","CIN","12","25.07","0.0","0.0","0.0","0.0","-45.2"
"","539","20","Steven Sims","WR","HOU","14","84.02","0.0","0.0","0.0","0.0","-45.2"
"","540","20","Trent Taylor","WR","UNS","1","84.02","0.0","0.0","0.0","0.0","-45.2"
"","541","20","Tyrell Shavers","WR","UNS","1","65.02","0.0","0.0","0.0","0.0","-45.2"
"","542","20","Mason Tipton","WR","NO","12","84.02","0.0","0.0","0.0","0.0","-45.2"
"","543","20","Kirk Merritt","WR","NO","12","57.09","0.0","0.0","0.0","0.0","-45.2"
"","544","20","Jalen Moreno-Cropper","WR","UNS","1","84.02","0.0","0.0","0.0","0.0","-45.2"
"","545","20","Justin Shorter","WR","UNS","1","25.08","0.0","0.0","0.0","0.0","-45.2"
"","546","20","Keith Kirkwood","WR","BAL","14","38.07","0.0","0.0","0.0","0.0","-45.2"
"","547","20","Hakeem Butler","WR","CIN","12","84.02","0.0","0.0","0.0","0.0","-45.2"
"","548","20","Andy Isabella","WR","UNS","1","31.09","0.0","0.0","0.0","0.0","-45.2"
"","549","20","Stanley Morgan","WR","CIN","12","59.10","0.0","0.0","0.0","0.0","-45.2"
"","550","20","Cam Sims","WR","LVR","10","41.12","0.0","0.0","0.0","0.0","-45.2"
"","551","20","Tyron Johnson","WR","SF","9","84.02","0.0","0.0","0.0","0.0","-45.2"
"","552","20","Lynn Bowden","WR","UNS","1","72.06","0.0","0.0","0.0","0.0","-45.2"
"","553","20","James Proche","WR","UNS","1","56.05","0.0","0.0","0.0","0.0","-45.2"
"","554","20","Laquon Treadwell","WR","UNS","1","34.06","0.0","0.0","0.0","0.0","-45.2"
"","555","20","Jakeem Grant Sr.","WR","CLE","10","48.09","0.0","0.0","0.0","0.0","-45.2"
"","556","20","Michael Gallup","WR","LVR","10","84.02","0.0","0.0","0.0","0.0","-45.2"
"","557","20","Willie Snead","WR","MIA","6","36.05","0.0","0.0","0.0","0.0","-45.2"
"","558","20","Martavis Bryant","WR","UNS","1","29.11","0.0","0.0","0.0","0.0","-45.2"
"","559","20","Ross Dwelley","TE","ATL","12","38.10","0.0","12.0","0.0","0.0","-45.6"
"","560","20","Charlie Woerner","TE","ATL","12","24.08","0.0","12.0","0.0","0.0","-45.6"
"","561","20","Jack Stoll","TE","UNS","1","53.12","0.0","11.0","0.0","0.0","-46.2"
"","562","20","Chris Manhertz","TE","DEN","14","46.01","0.0","9.9","0.0","0.0","-46.7"
"","563","20","Julian Hill","TE","MIA","6","73.11","4.7","8.2","6.3","21.4","-46.8"
"","564","20","Cameron Latu","TE","UNS","1","74.04","0.0","9.8","0.0","0.0","-46.8"
"","565","20","Logan Thomas","TE","UNS","1","44.06","5.1","13.8","5.1","5.1","-48.5"
"","566","20","Albert Okwuegbunam","TE","PHI","5","62.08","2.2","10.3","2.7","12.4","-48.7"
"","567","20","Josiah Deguara","TE","UNS","1","21.09","0.0","6.0","0.0","0.0","-48.8"
"","568","20","Eric Saubert","TE","MIA","6","52.07","0.0","5.3","0.0","0.0","-49.1"
"","569","20","Ko Kieft","TE","TB","11","54.11","0.0","4.8","0.0","0.0","-49.4"
"","570","20","Mitchell Wilcox","TE","CIN","12","52.10","0.0","3.7","0.0","0.0","-50.0"
"","571","20","Teagan Quitoriano","TE","HOU","14","27.01","0.0","2.2","0.0","0.0","-50.7"
"","572","20","Jelani Woods","TE","IND","14","65.01","0.0","2.0","0.0","0.0","-50.9"
"","573","20","James Mitchell","TE","UNS","1","74.09","0.0","2.0","0.0","0.0","-50.9"
"","574","20","Brycen Hopkins","TE","LAR","6","57.10","0.0","1.7","0.0","0.0","-51.0"
"","575","20","Stephen Sullivan","TE","CAR","11","55.02","0.0","0.8","0.0","0.0","-51.5"
"","576","20","Tyler Kroft","TE","MIA","6","50.04","0.0","0.0","0.0","0.0","-51.9"
"","577","20","Jimmy Graham","TE","NO","12","46.05","0.0","0.0","0.0","0.0","-51.9"
"","578","20","Blake Bell","TE","KC","6","44.05","0.0","0.0","0.0","0.0","-51.9"
"","579","20","Tyler Davis","TE","GB","10","58.05","0.0","0.0","0.0","0.0","-51.9"
"","580","9","Justin Fields","QB","PIT","9","17.03","94.8","67.7","121.5","376.6","-64.7"
"","581","9","Aidan O'Connell","QB","LVR","10","49.09","59.9","71.6","85.6","273.9","-90.4"
"Injured","582","9","Jacoby Brissett","QB","NE","14","37.02","49.6","43.7","56.4","169.3","-115.3"
"","583","9","Tyrod Taylor","QB","NYJ","12","45.11","41.5","16.2","50.1","75.1","-132.5"
"","584","9","Jimmy Garoppolo","QB","LAR","6","44.08","39.6","14.5","44.5","71.3","-134.8"
"","585","9","Ryan Tannehill","QB","UNS","1","47.03","20.3","8.9","40.6","81.3","-136.7"
"","586","9","Michael Penix Jr.","QB","ATL","12","48.01","12.7","20.4","14.9","126.8","-137.1"
"Injured","587","9","Jake Browning","QB","CIN","12","59.05","27.8","20.9","33.1","54.6","-140.4"
"","588","9","Sam Howell","QB","SEA","10","77.07","25.1","26.6","29.1","58.3","-140.7"
"Injured","589","9","Drew Lock","QB","NYG","11","53.06","24.8","30.8","27.6","55.1","-141.3"
"","590","9","Mason Rudolph","QB","TEN","5","40.05","26.6","13.4","29.3","48.3","-143.1"
"","591","9","Mac Jones","QB","JAC","12","60.09","26.5","15.5","28.8","43.2","-143.7"
"","592","9","Joe Flacco","QB","IND","14","36.06","24.4","14.9","26.2","49.9","-143.7"
"","593","9","Desmond Ridder","QB","UNS","1","28.07","25.5","11.6","28.3","45.3","-144.0"
"","594","9","Mike White","QB","UNS","1","39.08","24.7","5.3","28.1","49.2","-144.1"
"","595","9","Easton Stick","QB","LAC","5","41.04","24.2","15.5","28.2","39.5","-144.5"
"","596","9","Josh Johnson","QB","BAL","14","46.09","25.4","15.4","27.0","40.5","-144.6"
"","597","9","Jameis Winston","QB","CLE","10","52.04","12.6","31.8","14.5","43.6","-147.2"
"","598","9","Nick Mullens","QB","MIN","6","38.03","10.7","23.7","14.3","42.9","-148.2"
"","599","9","Marcus Mariota","QB","WAS","14","49.01","14.3","13.3","17.9","35.8","-148.8"
"","600","9","Carson Wentz","QB","KC","6","47.12","14.7","16.2","17.1","34.1","-148.9"
"","601","9","Trey Lance","QB","DAL","7","80.09","15.4","7.3","18.4","33.1","-149.4"
"","602","9","Spencer Rattler","QB","NO","12","76.07","15.6","14.9","17.4","27.8","-149.7"
"","603","9","Joshua Dobbs","QB","SF","9","39.12","13.3","16.1","15.1","25.7","-150.7"
"","604","9","Kenny Pickett","QB","PHI","5","64.02","12.6","13.8","13.5","29.7","-150.9"
"","605","9","Michael Pratt","QB","GB","10","32.08","15.2","5.5","17.2","25.8","-150.9"
"","606","9","Mitchell 'Mitch' Trubisky","QB","BUF","12","39.04","13.2","13.0","15.2","25.8","-151.0"
"","607","9","Kyle Trask","QB","TB","11","53.04","12.5","13.5","13.9","25.0","-151.4"
"","608","9","Davis Mills","QB","HOU","14","67.06","12.6","15.8","14.0","23.1","-151.4"
"","609","9","Tyson Bagent","QB","CHI","7","81.06","11.8","13.5","13.9","22.3","-151.8"
"","610","9","Skylar Thompson","QB","MIA","6","26.08","0.0","15.5","0.0","0.0","-151.8"
"Injured","611","9","Andy Dalton","QB","CAR","11","46.11","11.5","14.9","12.5","18.8","-152.6"
"","612","9","Taylor Heinicke","QB","LAC","5","29.06","0.0","13.9","0.0","0.0","-152.7"
"","613","9","Cooper Rush","QB","DAL","7","32.05","0.0","13.5","0.0","0.0","-152.9"
"","614","9","Hendon Hooker","QB","DET","5","64.01","0.0","13.5","0.0","0.0","-153.0"
"","615","9","Malik Willis","QB","GB","10","65.06","0.0","13.1","0.0","0.0","-153.2"
"","616","9","Clayton Tune","QB","ARI","11","69.05","0.0","13.1","0.0","0.0","-153.2"
"","617","9","Jake Haener","QB","NO","12","64.04","0.0","12.8","0.0","0.0","-153.4"
"","618","9","Jordan Travis","QB","NYJ","12","72.12","0.0","12.2","0.0","0.0","-153.7"
"","619","9","Stetson Bennett","QB","LAR","6","69.04","0.0","12.2","0.0","0.0","-153.7"
"","620","9","Sean Clifford","QB","UNS","1","72.05","0.0","11.7","0.0","0.0","-154.0"
"","621","9","Jarrett Stidham","QB","DEN","14","59.06","6.0","17.9","7.3","14.5","-154.7"
"","622","9","Zach Wilson","QB","DEN","14","69.09","6.7","8.4","7.4","13.0","-155.7"
"","623","9","Blaine Gabbert","QB","KC","6","34.12","0.0","8.6","0.0","0.0","-155.8"
"","624","9","Joe Milton III","QB","NE","14","69.11","0.0","8.4","0.0","0.0","-155.9"
"","625","9","Jaren Hall","QB","UNS","1","31.12","0.0","7.4","0.0","0.0","-156.4"
"","626","9","Case Keenum","QB","HOU","14","28.11","0.0","7.2","0.0","0.0","-156.5"
"","627","9","Tommy DeVito","QB","NYG","11","34.07","0.0","7.2","0.0","0.0","-156.6"
"","628","9","Tyler Huntley","QB","UNS","1","56.04","0.0","6.8","0.0","0.0","-156.8"
"","629","9","Dorian Thompson-Robinson","QB","CLE","10","75.08","0.0","6.0","0.0","0.0","-157.3"
"","630","9","C.J. Beathard","QB","UNS","1","26.05","0.0","5.9","0.0","0.0","-157.3"
"","631","9","Bailey Zappe","QB","UNS","1","66.09","0.0","5.2","0.0","0.0","-157.7"
"","632","9","Teddy Bridgewater","QB","DET","5","34.01","0.0","5.0","0.0","0.0","-157.8"
"","633","9","Trevor Siemian","QB","NYJ","12","45.07","0.0","2.5","0.0","0.0","-159.2"
"","634","9","Jeff Driskel","QB","WAS","14","46.02","0.0","2.5","0.0","0.0","-159.3"
"","635","9","Devin Leary","QB","BAL","14","30.06","0.0","2.0","0.0","0.0","-159.5"
"","636","9","Brett Rypien","QB","UNS","1","28.03","0.0","0.7","0.0","0.0","-160.3"
"","637","20","Brandon Allen","QB","SF","9","35.02","0.0","0.2","0.0","0.0","-160.5"
"","638","20","John Wolford","QB","UNS","1","25.09","0.0","0.2","0.0","0.0","-160.5"
"","639","20","Max Duggan","QB","UNS","1","77.10","0.0","0.1","0.0","0.0","-160.6"
"","640","20","Phillip 'P.J.' Walker","QB","SEA","10","22.10","0.0","0.1","0.0","0.0","-160.6"
"","641","20","Malik Cunningham","QB","BAL","14","71.10","0.0","0.1","0.0","0.0","-160.6"
"","642","20","J.J. McCarthy","QB","MIN","6","84.02","0.0","0.0","0.0","0.0","-160.7"
"","643","20","Sam Hartman","QB","UNS","1","84.02","0.0","0.0","0.0","0.0","-160.7"
"","644","20","Nathan Rourke","QB","NE","14","67.07","0.0","0.0","0.0","0.0","-160.7"
"","645","20","Ben DiNucci","QB","UNS","1","35.01","0.0","0.0","0.0","0.0","-160.7"
"","646","20","Dresser Winn","QB","LAR","6","66.10","0.0","0.0","0.0","0.0","-160.7"
"","647","20","Chris Oladokun","QB","KC","6","60.05","0.0","0.0","0.0","0.0","-160.7"
"","648","20","Jacob Eason","QB","NYG","11","55.07","0.0","0.0","0.0","0.0","-160.7"
"","649","20","Will Grier","QB","PHI","5","28.05","0.0","0.0","0.0","0.0","-160.7"
"","650","20","Colt McCoy","QB","ARI","11","84.02","0.0","0.0","0.0","0.0","-160.7"